Date,Adj Close,Close,High,Low,Open,Volume
2023-01-03 00:00:00+00:00,371.61444091796875,380.82000732421875,386.42999267578125,377.8299865722656,384.3699951171875,74850700
2023-01-04 00:00:00+00:00,374.4833679199219,383.760009765625,385.8800048828125,380.0,383.17999267578125,85934100
2023-01-05 00:00:00+00:00,370.209228515625,379.3800048828125,381.8399963378906,378.760009765625,381.7200012207031,76970500
2023-01-06 00:00:00+00:00,378.6988830566406,388.0799865722656,389.25,379.4100036621094,382.6099853515625,104189600
2023-01-09 00:00:00+00:00,378.48419189453125,387.8599853515625,393.70001220703125,387.6700134277344,390.3699951171875,73978100
2023-01-10 00:00:00+00:00,381.13848876953125,390.5799865722656,390.6499938964844,386.2699890136719,387.25,65358100
2023-01-11 00:00:00+00:00,385.9590759277344,395.5199890136719,395.6000061035156,391.3800048828125,392.2300109863281,68881100
2023-01-12 00:00:00+00:00,387.3642578125,396.9599914550781,398.489990234375,392.4200134277344,396.6700134277344,90157700
2023-01-13 00:00:00+00:00,388.8670349121094,398.5,399.1000061035156,393.3399963378906,393.6199951171875,63903900
2023-01-17 00:00:00+00:00,388.1546630859375,397.7699890136719,400.2300109863281,397.05999755859375,398.4800109863281,62677300
2023-01-18 00:00:00+00:00,382.0264892578125,391.489990234375,400.1199951171875,391.2799987792969,399.010009765625,99632300
2023-01-19 00:00:00+00:00,379.2453918457031,388.6400146484375,391.0799865722656,387.260009765625,389.3599853515625,86958900
2023-01-20 00:00:00+00:00,386.3103942871094,395.8800048828125,396.0400085449219,388.3800048828125,390.1000061035156,91806400
2023-01-23 00:00:00+00:00,390.945556640625,400.6300048828125,402.6499938964844,395.7200012207031,396.7200012207031,84178800
2023-01-24 00:00:00+00:00,390.52593994140625,400.20001220703125,401.1499938964844,397.6400146484375,398.8800048828125,59524900
2023-01-25 00:00:00+00:00,390.67230224609375,400.3500061035156,400.70001220703125,393.55999755859375,395.95001220703125,84800300
2023-01-26 00:00:00+00:00,394.9659729003906,404.75,404.9200134277344,400.0299987792969,403.1300048828125,72287400
2023-01-27 00:00:00+00:00,395.8734436035156,405.67999267578125,408.1600036621094,403.44000244140625,403.6600036621094,68346200
2023-01-30 00:00:00+00:00,390.9065246582031,400.5899963378906,405.1300048828125,400.2799987792969,402.79998779296875,74202000
2023-01-31 00:00:00+00:00,396.6541442871094,406.4800109863281,406.5299987792969,400.7699890136719,401.1300048828125,86811800
2023-02-01 00:00:00+00:00,400.86968994140625,410.79998779296875,413.6700134277344,402.3500061035156,405.2099914550781,101459200
2023-02-02 00:00:00+00:00,406.7051696777344,416.7799987792969,418.30999755859375,412.8800048828125,414.8599853515625,101654500
2023-02-03 00:00:00+00:00,402.3822326660156,412.3500061035156,416.9700012207031,411.0899963378906,411.5899963378906,94736800
2023-02-06 00:00:00+00:00,399.92315673828125,409.8299865722656,411.2900085449219,408.1000061035156,409.7900085449219,60295300
2023-02-07 00:00:00+00:00,405.1535949707031,415.19000244140625,416.489990234375,407.57000732421875,408.8699951171875,90990700
2023-02-08 00:00:00+00:00,400.7233581542969,410.6499938964844,414.5299987792969,409.92999267578125,413.1300048828125,76227500
2023-02-09 00:00:00+00:00,397.2493896484375,407.0899963378906,414.57000732421875,405.80999755859375,414.4100036621094,78694900
2023-02-10 00:00:00+00:00,398.1764221191406,408.0400085449219,408.44000244140625,405.010009765625,405.8599853515625,70769700
2023-02-13 00:00:00+00:00,402.85064697265625,412.8299865722656,412.9700012207031,408.239990234375,408.7200012207031,64913500
2023-02-14 00:00:00+00:00,402.6652526855469,412.6400146484375,415.04998779296875,408.510009765625,411.239990234375,88389300
2023-02-15 00:00:00+00:00,403.9728698730469,413.9800109863281,414.05999755859375,409.4700012207031,410.3500061035156,61555700
2023-02-16 00:00:00+00:00,398.4106140136719,408.2799987792969,412.9100036621094,408.1400146484375,408.7900085449219,76431500
2023-02-17 00:00:00+00:00,397.4153137207031,407.260009765625,407.510009765625,404.04998779296875,406.05999755859375,89257800
2023-02-21 00:00:00+00:00,389.4427795410156,399.0899963378906,404.1600036621094,398.82000732421875,403.05999755859375,82655900
2023-02-22 00:00:00+00:00,388.90606689453125,398.5400085449219,401.1300048828125,397.0199890136719,399.5199890136719,83742300
2023-02-23 00:00:00+00:00,390.974853515625,400.6600036621094,402.20001220703125,396.25,401.55999755859375,96242400
2023-02-24 00:00:00+00:00,386.79827880859375,396.3800048828125,397.25,393.6400146484375,395.4200134277344,108194400
2023-02-27 00:00:00+00:00,388.1156311035156,397.7300109863281,401.2900085449219,396.75,399.8699951171875,80444700
2023-02-28 00:00:00+00:00,386.6811828613281,396.260009765625,399.2799987792969,396.1499938964844,397.2300109863281,96438600
2023-03-01 00:00:00+00:00,385.19793701171875,394.739990234375,396.69000244140625,393.3800048828125,395.4100036621094,99706800
2023-03-02 00:00:00+00:00,388.1936950683594,397.80999755859375,398.69000244140625,392.3299865722656,392.67999267578125,85127800
2023-03-03 00:00:00+00:00,394.41943359375,404.19000244140625,404.45001220703125,399.0299987792969,399.7099914550781,90120000
2023-03-06 00:00:00+00:00,394.6927490234375,404.4700012207031,407.45001220703125,404.010009765625,405.04998779296875,72795900
2023-03-07 00:00:00+00:00,388.642578125,398.2699890136719,404.6700134277344,397.6300048828125,404.4200134277344,108310600
2023-03-08 00:00:00+00:00,389.27691650390625,398.9200134277344,399.7099914550781,396.5899963378906,398.3900146484375,74746600
2023-03-09 00:00:00+00:00,382.09478759765625,391.55999755859375,401.4800109863281,390.5299987792969,399.739990234375,111945300
2023-03-10 00:00:00+00:00,376.5814208984375,385.9100036621094,393.1600036621094,384.32000732421875,390.989990234375,189253000
2023-03-13 00:00:00+00:00,376.044677734375,385.3599853515625,390.3900146484375,380.6499938964844,381.80999755859375,157790000
2023-03-14 00:00:00+00:00,382.26068115234375,391.7300109863281,393.45001220703125,387.04998779296875,390.5,149752400
2023-03-15 00:00:00+00:00,379.869873046875,389.2799987792969,389.489990234375,383.7099914550781,385.8900146484375,172996900
2023-03-16 00:00:00+00:00,386.5347900390625,396.1099853515625,396.4700012207031,386.2900085449219,386.82000732421875,143254200
2023-03-17 00:00:00+00:00,382.01513671875,389.989990234375,394.3999938964844,388.54998779296875,393.2200012207031,140553400
2023-03-20 00:00:00+00:00,385.6884765625,393.739990234375,394.1700134277344,390.07000732421875,390.79998779296875,93055800
2023-03-21 00:00:00+00:00,390.7527770996094,398.9100036621094,399.4100036621094,395.5799865722656,397.239990234375,91524200
2023-03-22 00:00:00+00:00,384.0917663574219,392.1099853515625,402.489990234375,392.07000732421875,398.7300109863281,111746600
2023-03-23 00:00:00+00:00,385.1301574707031,393.1700134277344,399.2900085449219,390.3500061035156,395.0899963378906,119351300
2023-03-24 00:00:00+00:00,387.65740966796875,395.75,395.8399963378906,389.3999938964844,391.8399963378906,107682400
2023-03-27 00:00:00+00:00,388.3822326660156,396.489990234375,398.9200134277344,395.55999755859375,398.1199951171875,74010400
2023-03-28 00:00:00+00:00,387.5104675292969,395.6000061035156,396.489990234375,393.69000244140625,395.7699890136719,62871700
2023-03-29 00:00:00+00:00,393.1429138183594,401.3500061035156,401.6000061035156,398.67999267578125,399.92999267578125,77497900
2023-03-30 00:00:00+00:00,395.44482421875,403.70001220703125,404.3500061035156,401.760009765625,404.0899963378906,69840000
2023-03-31 00:00:00+00:00,401.01849365234375,409.3900146484375,409.70001220703125,404.54998779296875,404.6600036621094,112062600
2023-04-03 00:00:00+00:00,402.54656982421875,410.95001220703125,411.3699951171875,408.44000244140625,408.8500061035156,67391100
2023-04-04 00:00:00+00:00,400.31317138671875,408.6700134277344,411.9200134277344,407.239990234375,411.6199951171875,66601500
2023-04-05 00:00:00+00:00,399.2650451660156,407.6000061035156,408.70001220703125,405.8800048828125,407.9100036621094,65200200
2023-04-06 00:00:00+00:00,400.82257080078125,409.19000244140625,409.4800109863281,405.67999267578125,406.7699890136719,63743300
2023-04-10 00:00:00+00:00,401.2339782714844,409.6099853515625,409.69000244140625,405.9700012207031,406.6099853515625,63681000
2023-04-11 00:00:00+00:00,401.34173583984375,409.7200012207031,411.17999267578125,408.9200134277344,410.260009765625,59297900
2023-04-12 00:00:00+00:00,399.70587158203125,408.04998779296875,412.1700134277344,407.44000244140625,411.8699951171875,86420400
2023-04-13 00:00:00+00:00,405.0150451660156,413.4700012207031,413.8399963378906,407.989990234375,409.17999267578125,85814800
2023-04-14 00:00:00+00:00,404.02569580078125,412.4599914550781,415.0899963378906,410.05999755859375,412.80999755859375,78161500
2023-04-17 00:00:00+00:00,405.47540283203125,413.94000244140625,413.9599914550781,411.0899963378906,412.3699951171875,66436400
2023-04-18 00:00:00+00:00,405.7398681640625,414.2099914550781,415.7200012207031,412.7799987792969,415.5799865722656,63560000
2023-04-19 00:00:00+00:00,405.6713562011719,414.1400146484375,415.0799865722656,412.1600036621094,412.2200012207031,55227300
2023-04-20 00:00:00+00:00,403.4575500488281,411.8800048828125,413.70001220703125,410.2699890136719,411.2099914550781,75840400
2023-04-21 00:00:00+00:00,403.77099609375,412.20001220703125,412.67999267578125,410.1700134277344,412.19000244140625,73457400
2023-04-24 00:00:00+00:00,404.19219970703125,412.6300048828125,413.07000732421875,410.6000061035156,411.989990234375,64332100
2023-04-25 00:00:00+00:00,397.7761535644531,406.0799865722656,411.1600036621094,406.0199890136719,410.5799865722656,97766700
2023-04-26 00:00:00+00:00,396.09130859375,404.3599853515625,407.8399963378906,403.7799987792969,406.7200012207031,80447000
2023-04-27 00:00:00+00:00,403.9766845703125,412.4100036621094,412.69000244140625,406.739990234375,407.0,92968400
2023-04-28 00:00:00+00:00,407.4247131347656,415.92999267578125,415.94000244140625,411.42999267578125,411.489990234375,89335600
2023-05-01 00:00:00+00:00,407.0133056640625,415.510009765625,417.6199951171875,415.2699890136719,415.4700012207031,62122300
2023-05-02 00:00:00+00:00,402.4388427734375,410.8399963378906,414.82000732421875,407.82000732421875,414.7699890136719,103998500
2023-05-03 00:00:00+00:00,399.67645263671875,408.0199890136719,413.8699951171875,407.7699890136719,411.3599853515625,91531800
2023-05-04 00:00:00+00:00,396.8455810546875,405.1300048828125,407.2699890136719,403.739990234375,406.92999267578125,94901900
2023-05-05 00:00:00+00:00,404.19219970703125,412.6300048828125,413.7200012207031,408.6400146484375,408.9100036621094,87844000
2023-05-08 00:00:00+00:00,404.2999572753906,412.739990234375,413.239990234375,411.2799987792969,412.9700012207031,50046800
2023-05-09 00:00:00+00:00,402.5269470214844,410.92999267578125,412.0899963378906,410.69000244140625,411.1300048828125,49220100
2023-05-10 00:00:00+00:00,404.40771484375,412.8500061035156,414.5400085449219,408.8699951171875,413.8800048828125,96142900
2023-05-11 00:00:00+00:00,403.7024230957031,412.1300048828125,412.42999267578125,409.9700012207031,411.95001220703125,70157100
2023-05-12 00:00:00+00:00,403.1734924316406,411.5899963378906,413.6400146484375,409.07000732421875,413.4200134277344,70439400
2023-05-15 00:00:00+00:00,404.564453125,413.010009765625,413.42999267578125,410.2300109863281,412.2200012207031,54289400
2023-05-16 00:00:00+00:00,401.8608703613281,410.25,412.82000732421875,410.239990234375,411.8599853515625,57705500
2023-05-17 00:00:00+00:00,406.73907470703125,415.2300109863281,415.8599853515625,410.6400146484375,412.3500061035156,87287000
2023-05-18 00:00:00+00:00,410.6572570800781,419.2300109863281,419.6700134277344,414.6700134277344,414.8999938964844,97177200
2023-05-19 00:00:00+00:00,410.05975341796875,418.6199951171875,420.7200012207031,417.3500061035156,420.1700134277344,103679700
2023-05-22 00:00:00+00:00,410.2262268066406,418.7900085449219,420.3900146484375,417.3500061035156,418.6400146484375,60745400
2023-05-23 00:00:00+00:00,405.622314453125,414.0899963378906,418.7200012207031,413.67999267578125,417.0799865722656,86383500
2023-05-24 00:00:00+00:00,402.6836853027344,411.0899963378906,412.82000732421875,409.8800048828125,412.4200134277344,89213700
2023-05-25 00:00:00+00:00,406.1708984375,414.6499938964844,416.1600036621094,412.4100036621094,414.739990234375,90961600
2023-05-26 00:00:00+00:00,411.43109130859375,420.0199890136719,420.7699890136719,415.25,415.3299865722656,93830000
2023-05-30 00:00:00+00:00,411.58782958984375,420.17999267578125,422.5799865722656,418.739990234375,422.0299987792969,72216000
2023-05-31 00:00:00+00:00,409.30548095703125,417.8500061035156,419.2200012207031,416.2200012207031,418.2799987792969,110811800
2023-06-01 00:00:00+00:00,413.1943054199219,421.82000732421875,422.9200134277344,416.7900085449219,418.0899963378906,88865000
2023-06-02 00:00:00+00:00,419.1695861816406,427.9200134277344,428.739990234375,423.95001220703125,424.5,91366700
2023-06-05 00:00:00+00:00,418.3663024902344,427.1000061035156,429.6199951171875,426.3699951171875,428.2799987792969,65460200
2023-06-06 00:00:00+00:00,419.2773132324219,428.0299987792969,428.5799865722656,425.989990234375,426.6700134277344,64022200
2023-06-07 00:00:00+00:00,417.8275451660156,426.54998779296875,429.6199951171875,426.1099853515625,428.44000244140625,85373300
2023-06-08 00:00:00+00:00,420.35479736328125,429.1300048828125,429.6000061035156,425.82000732421875,426.6199951171875,61952800
2023-06-09 00:00:00+00:00,421.10906982421875,429.8999938964844,431.989990234375,428.8699951171875,429.9599914550781,85742800
2023-06-12 00:00:00+00:00,424.9293212890625,433.79998779296875,433.8800048828125,430.1700134277344,430.9200134277344,76104300
2023-06-13 00:00:00+00:00,427.7308654785156,436.6600036621094,437.3299865722656,434.6300048828125,435.32000732421875,95899700
2023-06-14 00:00:00+00:00,428.24017333984375,437.17999267578125,439.05999755859375,433.5899963378906,437.010009765625,100612100
2023-06-15 00:00:00+00:00,433.5493469238281,442.6000061035156,443.8999938964844,436.2300109863281,436.3299865722656,110303100
2023-06-16 00:00:00+00:00,432.0726013183594,439.4599914550781,443.6099853515625,438.9700012207031,443.0199890136719,114121300
2023-06-20 00:00:00+00:00,429.8309020996094,437.17999267578125,438.3699951171875,435.0299987792969,437.45001220703125,76160400
2023-06-21 00:00:00+00:00,427.62860107421875,434.94000244140625,436.989990234375,434.3299865722656,436.1600036621094,76982300
2023-06-22 00:00:00+00:00,429.1722106933594,436.510009765625,436.6199951171875,433.6000061035156,433.95001220703125,70637200
2023-06-23 00:00:00+00:00,425.9276428222656,433.2099914550781,435.05999755859375,432.4700012207031,432.92999267578125,92074500
2023-06-26 00:00:00+00:00,424.18743896484375,431.44000244140625,434.6099853515625,431.19000244140625,432.6199951171875,72823600
2023-06-27 00:00:00+00:00,428.837890625,436.1700134277344,436.80999755859375,431.8800048828125,432.3500061035156,72813700
2023-06-28 00:00:00+00:00,429.05419921875,436.3900146484375,437.44000244140625,434.4100036621094,435.04998779296875,75636000
2023-06-29 00:00:00+00:00,430.74530029296875,438.1099853515625,438.2799987792969,435.5400085449219,435.9599914550781,67882300
2023-06-30 00:00:00+00:00,435.828369140625,443.2799987792969,444.29998779296875,441.1099853515625,441.44000244140625,104921500
2023-07-03 00:00:00+00:00,436.3298034667969,443.7900085449219,444.0799865722656,442.6300048828125,442.9200134277344,32793400
2023-07-05 00:00:00+00:00,435.680908203125,443.1300048828125,443.8900146484375,441.8999938964844,441.9100036621094,58418400
2023-07-06 00:00:00+00:00,432.2692565917969,439.6600036621094,440.1000061035156,437.05999755859375,439.4200134277344,80658300
2023-07-07 00:00:00+00:00,431.1778869628906,438.54998779296875,442.6400146484375,438.29998779296875,438.6300048828125,86076100
2023-07-10 00:00:00+00:00,432.2692565917969,439.6600036621094,439.8399963378906,437.5899963378906,438.17999267578125,62443500
2023-07-11 00:00:00+00:00,435.0221862792969,442.4599914550781,442.9700012207031,439.44000244140625,440.45001220703125,64463800
2023-07-12 00:00:00+00:00,438.5223388671875,446.0199890136719,447.4800109863281,444.9100036621094,446.3900146484375,91924500
2023-07-13 00:00:00+00:00,442.0028076171875,449.55999755859375,450.3800048828125,447.45001220703125,447.8999938964844,72425200
2023-07-14 00:00:00+00:00,441.72747802734375,449.2799987792969,451.3599853515625,448.489990234375,450.4800109863281,69761800
2023-07-17 00:00:00+00:00,443.2613220214844,450.8399963378906,451.92999267578125,449.0799865722656,449.1300048828125,52680200
2023-07-18 00:00:00+00:00,446.55499267578125,454.19000244140625,454.8599853515625,450.04998779296875,450.5,80744400
2023-07-19 00:00:00+00:00,447.54803466796875,455.20001220703125,456.42999267578125,454.1099853515625,455.010009765625,65891700
2023-07-20 00:00:00+00:00,444.5787658691406,452.17999267578125,455.1000061035156,451.44000244140625,454.1700134277344,70591600
2023-07-21 00:00:00+00:00,444.5787658691406,452.17999267578125,454.1700134277344,452.1700134277344,453.9599914550781,71245400
2023-07-24 00:00:00+00:00,446.5648193359375,454.20001220703125,455.0400085449219,452.29998779296875,453.3699951171875,54023400
2023-07-25 00:00:00+00:00,447.7839660644531,455.44000244140625,456.739990234375,453.8699951171875,453.9200134277344,55191200
2023-07-26 00:00:00+00:00,447.8528137207031,455.510009765625,456.989990234375,453.3800048828125,454.4700012207031,71052900
2023-07-27 00:00:00+00:00,444.8835754394531,452.489990234375,459.44000244140625,451.54998779296875,459.0199890136719,92194400
2023-07-28 00:00:00+00:00,449.2391052246094,456.9200134277344,457.7799987792969,452.489990234375,455.8800048828125,80011800
2023-07-31 00:00:00+00:00,450.0944519042969,457.7900085449219,458.1600036621094,456.04998779296875,457.4100036621094,62040400
2023-08-01 00:00:00+00:00,448.8064880371094,456.4800109863281,457.25,455.489990234375,456.2699890136719,55291500
2023-08-02 00:00:00+00:00,442.563232421875,450.1300048828125,453.5199890136719,449.3500061035156,453.25,93933400
2023-08-03 00:00:00+00:00,441.2948913574219,448.8399963378906,450.7900085449219,447.3699951171875,448.0400085449219,64276100
2023-08-04 00:00:00+00:00,439.2990417480469,446.80999755859375,452.8999938964844,446.2699890136719,450.7200012207031,100052300
2023-08-07 00:00:00+00:00,443.13348388671875,450.7099914550781,450.8699951171875,447.989990234375,448.7099914550781,58357500
2023-08-08 00:00:00+00:00,441.2064514160156,448.75,450.70001220703125,445.2699890136719,448.0799865722656,71361300
2023-08-09 00:00:00+00:00,438.25689697265625,445.75,449.20001220703125,444.9599914550781,449.0299987792969,78789600
2023-08-10 00:00:00+00:00,438.4141540527344,445.9100036621094,451.70001220703125,444.70001220703125,448.19000244140625,93005500
2023-08-11 00:00:00+00:00,438.1585693359375,445.6499938964844,446.70001220703125,443.3500061035156,443.9700012207031,68664600
2023-08-14 00:00:00+00:00,440.5771484375,448.1099853515625,448.1099853515625,444.3800048828125,444.70001220703125,47867400
2023-08-15 00:00:00+00:00,435.4449768066406,442.8900146484375,446.6400146484375,442.29998779296875,446.2699890136719,75707500
2023-08-16 00:00:00+00:00,432.2496032714844,439.6400146484375,444.17999267578125,439.5299987792969,442.4599914550781,80107200
2023-08-17 00:00:00+00:00,428.9559020996094,436.2900085449219,441.42999267578125,435.75,441.1600036621094,95711300
2023-08-18 00:00:00+00:00,429.1623840332031,436.5,437.57000732421875,433.010009765625,433.3699951171875,98758400
2023-08-21 00:00:00+00:00,431.95458984375,439.3399963378906,440.1099853515625,435.32000732421875,437.54998779296875,68719000
2023-08-22 00:00:00+00:00,430.78460693359375,438.1499938964844,441.17999267578125,437.57000732421875,441.17999267578125,65062900
2023-08-23 00:00:00+00:00,435.5826110839844,443.0299987792969,443.6700134277344,439.1000061035156,439.25,68441000
2023-08-24 00:00:00+00:00,429.54583740234375,436.8900146484375,445.2200012207031,436.8599853515625,444.69000244140625,88517300
2023-08-25 00:00:00+00:00,432.57403564453125,439.9700012207031,441.29998779296875,435.0,438.67999267578125,102325100
2023-08-28 00:00:00+00:00,435.317138671875,442.760009765625,443.3999938964844,439.9700012207031,442.239990234375,61595400
2023-08-29 00:00:00+00:00,441.60955810546875,449.1600036621094,449.45001220703125,442.4599914550781,442.6499938964844,83081900
2023-08-30 00:00:00+00:00,443.4284973144531,451.010009765625,451.6700134277344,448.7799987792969,449.510009765625,69053900
2023-08-31 00:00:00+00:00,442.7795715332031,450.3500061035156,452.8299865722656,450.1600036621094,451.6499938964844,66084600
2023-09-01 00:00:00+00:00,443.6054382324219,451.19000244140625,453.6700134277344,449.67999267578125,453.1700134277344,58875700
2023-09-05 00:00:00+00:00,441.68817138671875,449.239990234375,451.05999755859375,449.1700134277344,450.7300109863281,55166200
2023-09-06 00:00:00+00:00,438.7189636230469,446.2200012207031,448.510009765625,443.80999755859375,448.3999938964844,70758500
2023-09-07 00:00:00+00:00,437.37200927734375,444.8500061035156,445.54998779296875,442.75,443.1099853515625,70355400
2023-09-08 00:00:00+00:00,438.0307312011719,445.5199890136719,447.1099853515625,444.5299987792969,444.8999938964844,61659700
2023-09-11 00:00:00+00:00,440.9114990234375,448.45001220703125,448.7699890136719,446.4700012207031,448.239990234375,60180100
2023-09-12 00:00:00+00:00,438.4928283691406,445.989990234375,448.5299987792969,445.3900146484375,446.95001220703125,67565400
2023-09-13 00:00:00+00:00,439.0041198730469,446.510009765625,447.7099914550781,445.0799865722656,446.2200012207031,60199300
2023-09-14 00:00:00+00:00,442.78936767578125,450.3599853515625,451.0799865722656,447.7200012207031,449.07000732421875,83430800
2023-09-15 00:00:00+00:00,437.4544982910156,443.3699951171875,447.4800109863281,442.9200134277344,447.1400146484375,111761400
2023-09-18 00:00:00+00:00,437.7110290527344,443.6300048828125,444.9700012207031,442.55999755859375,443.04998779296875,55752200
2023-09-19 00:00:00+00:00,436.80328369140625,442.7099914550781,443.2900085449219,439.94000244140625,442.67999267578125,66514600
2023-09-20 00:00:00+00:00,432.78759765625,438.6400146484375,444.44000244140625,438.42999267578125,444.010009765625,82562600
2023-09-21 00:00:00+00:00,425.6343688964844,431.3900146484375,435.9700012207031,431.2300109863281,435.70001220703125,103976100
2023-09-22 00:00:00+00:00,424.6772766113281,430.4200134277344,434.1000061035156,429.989990234375,432.45001220703125,100829700
2023-09-25 00:00:00+00:00,426.463134765625,432.2300109863281,432.2699890136719,428.7200012207031,429.1700134277344,70874500
2023-09-26 00:00:00+00:00,420.1978759765625,425.8800048828125,429.82000732421875,425.0199890136719,429.0899963378906,96168400
2023-09-27 00:00:00+00:00,420.3656005859375,426.04998779296875,427.6700134277344,422.2900085449219,427.0899963378906,104705800
2023-09-28 00:00:00+00:00,422.8026428222656,428.5199890136719,430.25,424.8699951171875,425.4800109863281,92258300
2023-09-29 00:00:00+00:00,421.7765197753906,427.4800109863281,431.8500061035156,425.9100036621094,431.6700134277344,115078500
2023-10-02 00:00:00+00:00,421.6087646484375,427.30999755859375,428.6000061035156,424.4599914550781,426.6199951171875,83798600
2023-10-03 00:00:00+00:00,415.965087890625,421.5899963378906,427.3699951171875,420.17999267578125,425.05999755859375,103760600
2023-10-04 00:00:00+00:00,418.994140625,424.6600036621094,425.42999267578125,420.55999755859375,422.07000732421875,87453000
2023-10-05 00:00:00+00:00,418.8362731933594,424.5,425.3699951171875,421.1700134277344,424.3599853515625,70142700
2023-10-06 00:00:00+00:00,423.80902099609375,429.5400085449219,431.1300048828125,420.6000061035156,421.9700012207031,113202700
2023-10-09 00:00:00+00:00,426.5223083496094,432.2900085449219,432.8800048828125,427.010009765625,427.5799865722656,80374400
2023-10-10 00:00:00+00:00,428.7423400878906,434.5400085449219,437.2200012207031,432.5299987792969,432.94000244140625,78607300
2023-10-11 00:00:00+00:00,430.4985656738281,436.32000732421875,436.5799865722656,433.17999267578125,435.6400146484375,62451700
2023-10-12 00:00:00+00:00,427.8740539550781,433.6600036621094,437.3399963378906,431.2300109863281,436.95001220703125,81154200
2023-10-13 00:00:00+00:00,425.7428894042969,431.5,436.45001220703125,429.8800048828125,435.2099914550781,95143100
2023-10-16 00:00:00+00:00,430.2222900390625,436.0400085449219,437.1400146484375,433.57000732421875,433.82000732421875,75433200
2023-10-17 00:00:00+00:00,430.2025451660156,436.0199890136719,438.1400146484375,432.45001220703125,432.80999755859375,75324700
2023-10-18 00:00:00+00:00,424.4700622558594,430.2099914550781,435.17999267578125,429.0899963378906,434.19000244140625,93559800
2023-10-19 00:00:00+00:00,420.74053955078125,426.42999267578125,432.82000732421875,425.7300109863281,430.95001220703125,121323000
2023-10-20 00:00:00+00:00,415.5704345703125,421.19000244140625,426.5400085449219,421.0799865722656,425.9800109863281,123845800
2023-10-23 00:00:00+00:00,414.8501892089844,420.4599914550781,424.45001220703125,417.79998779296875,419.6099853515625,92035100
2023-10-24 00:00:00+00:00,417.9778747558594,423.6300048828125,424.82000732421875,420.739990234375,422.6499938964844,78564200
2023-10-25 00:00:00+00:00,411.97900390625,417.54998779296875,421.9200134277344,417.0199890136719,421.8900146484375,94223200
2023-10-26 00:00:00+00:00,407.0456848144531,412.54998779296875,417.3299865722656,411.6000061035156,416.45001220703125,115156800
2023-10-27 00:00:00+00:00,405.2006530761719,410.67999267578125,414.6000061035156,409.2099914550781,414.19000244140625,107367700
2023-10-30 00:00:00+00:00,410.0451354980469,415.5899963378906,416.67999267578125,412.2200012207031,413.55999755859375,86562700
2023-10-31 00:00:00+00:00,412.620361328125,418.20001220703125,418.5299987792969,414.2099914550781,416.17999267578125,79665200
2023-11-01 00:00:00+00:00,417.0208435058594,422.6600036621094,423.5,418.6499938964844,419.20001220703125,98068100
2023-11-02 00:00:00+00:00,425.0127868652344,430.760009765625,430.9200134277344,426.55999755859375,426.5799865722656,94938900
2023-11-03 00:00:00+00:00,428.89031982421875,434.69000244140625,436.2900085449219,433.010009765625,433.1400146484375,100110800
2023-11-06 00:00:00+00:00,429.8769836425781,435.69000244140625,436.1499938964844,433.67999267578125,435.4700012207031,67831700
2023-11-07 00:00:00+00:00,431.10040283203125,436.92999267578125,437.5899963378906,434.510009765625,435.69000244140625,64256100
2023-11-08 00:00:00+00:00,431.4161682128906,437.25,438.0899963378906,434.8699951171875,437.54998779296875,61746000
2023-11-09 00:00:00+00:00,428.0516662597656,433.8399963378906,438.4700012207031,433.3999938964844,438.42999267578125,83174400
2023-11-10 00:00:00+00:00,434.7312927246094,440.6099853515625,440.92999267578125,433.8299865722656,435.9800109863281,89462200
2023-11-13 00:00:00+00:00,434.31695556640625,440.19000244140625,441.3299865722656,438.4200134277344,439.2300109863281,52236100
2023-11-14 00:00:00+00:00,442.7430114746094,448.7300109863281,450.05999755859375,446.0899963378906,446.32000732421875,97176900
2023-11-15 00:00:00+00:00,443.6802978515625,449.67999267578125,451.3800048828125,448.79998779296875,450.1099853515625,77327600
2023-11-16 00:00:00+00:00,444.22296142578125,450.2300109863281,450.55999755859375,448.1199951171875,449.2200012207031,66665800
2023-11-17 00:00:00+00:00,444.7755432128906,450.7900085449219,451.4200134277344,449.2900085449219,450.239990234375,83133200
2023-11-20 00:00:00+00:00,448.19921875,454.260009765625,455.1300048828125,450.5199890136719,450.5299987792969,69936200
2023-11-21 00:00:00+00:00,447.2224426269531,453.2699890136719,454.1300048828125,451.9599914550781,453.17999267578125,49244600
2023-11-22 00:00:00+00:00,448.9490661621094,455.0199890136719,456.3800048828125,453.8900146484375,454.9800109863281,59394900
2023-11-24 00:00:00+00:00,449.225341796875,455.29998779296875,455.5,454.7300109863281,455.07000732421875,29737400
2023-11-27 00:00:00+00:00,448.4162902832031,454.4800109863281,455.489990234375,454.0799865722656,454.6499938964844,50506000
2023-11-28 00:00:00+00:00,448.8602600097656,454.92999267578125,456.2699890136719,453.5,454.0799865722656,62115000
2023-11-29 00:00:00+00:00,448.5445251464844,454.6099853515625,458.32000732421875,454.20001220703125,457.1499938964844,63146000
2023-11-30 00:00:00+00:00,450.3106384277344,456.3999938964844,456.760009765625,453.3399963378906,455.4800109863281,79752700
2023-12-01 00:00:00+00:00,452.9746398925781,459.1000061035156,459.6499938964844,455.1600036621094,455.7699890136719,89097900
2023-12-04 00:00:00+00:00,450.5967712402344,456.69000244140625,459.1199951171875,454.3399963378906,455.6000061035156,72430900
2023-12-05 00:00:00+00:00,450.50799560546875,456.6000061035156,457.5899963378906,454.8699951171875,455.260009765625,69793500
2023-12-06 00:00:00+00:00,448.69256591796875,454.760009765625,458.8399963378906,454.30999755859375,458.80999755859375,69124700
2023-12-07 00:00:00+00:00,452.1162414550781,458.2300109863281,458.8999938964844,456.2900085449219,456.9100036621094,66995400
2023-12-08 00:00:00+00:00,454.0599670410156,460.20001220703125,460.75,457.2099914550781,457.4599914550781,83080900
2023-12-11 00:00:00+00:00,455.8260803222656,461.989990234375,462.1700134277344,459.4700012207031,459.69000244140625,65002200
2023-12-12 00:00:00+00:00,457.9079284667969,464.1000061035156,464.20001220703125,460.6000061035156,461.6300048828125,68327600
2023-12-13 00:00:00+00:00,464.2225341796875,470.5,470.760009765625,464.1199951171875,464.489990234375,93278000
2023-12-14 00:00:00+00:00,465.71240234375,472.010009765625,473.7300109863281,469.25,472.5,119026000
2023-12-15 00:00:00+00:00,464.9455871582031,469.3299865722656,470.70001220703125,467.42999267578125,469.489990234375,141319300
2023-12-18 00:00:00+00:00,467.5609436035156,471.9700012207031,472.9800109863281,469.8900146484375,470.9800109863281,70375300
2023-12-19 00:00:00+00:00,470.40411376953125,474.8399963378906,474.9200134277344,472.45001220703125,472.5299987792969,55761800
2023-12-20 00:00:00+00:00,463.8856201171875,468.260009765625,475.8999938964844,467.82000732421875,473.9599914550781,102921000
2023-12-21 00:00:00+00:00,468.28411865234375,472.70001220703125,472.9800109863281,468.8399963378906,471.3299865722656,86667500
2023-12-22 00:00:00+00:00,469.2252502441406,473.6499938964844,475.3800048828125,471.70001220703125,473.8599853515625,67126600
2023-12-26 00:00:00+00:00,471.2065734863281,475.6499938964844,476.5799865722656,473.989990234375,474.07000732421875,55387000
2023-12-27 00:00:00+00:00,472.0585632324219,476.510009765625,476.6600036621094,474.8900146484375,475.44000244140625,68000300
2023-12-28 00:00:00+00:00,472.23687744140625,476.69000244140625,477.54998779296875,476.260009765625,476.8800048828125,77158100
2023-12-29 00:00:00+00:00,470.8697509765625,475.30999755859375,477.0299987792969,473.29998779296875,476.489990234375,122234100
2024-01-02 00:00:00+00:00,468.23455810546875,472.6499938964844,473.6700134277344,470.489990234375,472.1600036621094,123623700
2024-01-03 00:00:00+00:00,464.4106750488281,468.7900085449219,471.19000244140625,468.1700134277344,470.42999267578125,103585900
2024-01-04 00:00:00+00:00,462.9147644042969,467.2799987792969,470.9599914550781,467.04998779296875,468.29998779296875,84232200
2024-01-05 00:00:00+00:00,463.5487976074219,467.9200134277344,470.44000244140625,466.42999267578125,467.489990234375,86060800
2024-01-08 00:00:00+00:00,470.1663818359375,474.6000061035156,474.75,468.29998779296875,468.42999267578125,74879100
2024-01-09 00:00:00+00:00,469.4530944824219,473.8800048828125,474.92999267578125,471.3500061035156,471.8699951171875,65931400
2024-01-10 00:00:00+00:00,472.1080627441406,476.55999755859375,477.45001220703125,473.8699951171875,474.1600036621094,67310600
2024-01-11 00:00:00+00:00,471.9000549316406,476.3500061035156,478.1199951171875,472.260009765625,477.5899963378906,77940700
2024-01-12 00:00:00+00:00,472.2269592285156,476.67999267578125,478.6000061035156,475.2300109863281,477.8399963378906,57944000
2024-01-16 00:00:00+00:00,470.4932556152344,474.92999267578125,476.6099853515625,473.05999755859375,475.260009765625,85014900
2024-01-17 00:00:00+00:00,467.8779602050781,472.2900085449219,472.7900085449219,469.8699951171875,471.82000732421875,68843900
2024-01-18 00:00:00+00:00,472.0387268066406,476.489990234375,477.05999755859375,472.4200134277344,474.010009765625,91856200
2024-01-19 00:00:00+00:00,477.9232177734375,482.42999267578125,482.7200012207031,476.5400085449219,477.6499938964844,110733300
2024-01-22 00:00:00+00:00,478.9337158203125,483.45001220703125,485.2200012207031,482.7799987792969,484.010009765625,75844900
2024-01-23 00:00:00+00:00,480.3305358886719,484.8599853515625,485.1099853515625,482.8900146484375,484.010009765625,49945300
2024-01-24 00:00:00+00:00,480.8555908203125,485.3900146484375,488.7699890136719,484.8800048828125,487.80999755859375,81765000
2024-01-25 00:00:00+00:00,483.4709167480469,488.0299987792969,488.30999755859375,485.3900146484375,487.5799865722656,72525000
2024-01-26 00:00:00+00:00,482.8567199707031,487.4100036621094,489.1199951171875,486.5400085449219,487.5899963378906,76641600
2024-01-29 00:00:00+00:00,486.68060302734375,491.2699890136719,491.4200134277344,487.1700134277344,487.7300109863281,61322800
2024-01-30 00:00:00+00:00,486.30419921875,490.8900146484375,491.6199951171875,490.1099853515625,490.55999755859375,58618400
2024-01-31 00:00:00+00:00,478.3690185546875,482.8800048828125,489.0799865722656,482.8599853515625,488.6199951171875,126011100
2024-02-01 00:00:00+00:00,484.6300048828125,489.20001220703125,489.2300109863281,483.79998779296875,484.6300048828125,91891600
2024-02-02 00:00:00+00:00,489.7319030761719,494.3500061035156,496.04998779296875,489.29998779296875,489.6499938964844,99147700
2024-02-05 00:00:00+00:00,487.9486999511719,492.54998779296875,494.3800048828125,490.2300109863281,493.70001220703125,75757100
2024-02-06 00:00:00+00:00,489.3653564453125,493.9800109863281,494.32000732421875,492.04998779296875,493.5199890136719,55918600
2024-02-07 00:00:00+00:00,493.44683837890625,498.1000061035156,498.5299987792969,495.3599853515625,496.2900085449219,70556500
2024-02-08 00:00:00+00:00,493.664794921875,498.32000732421875,498.7099914550781,497.260009765625,498.1000061035156,52343600
2024-02-09 00:00:00+00:00,496.5179138183594,501.20001220703125,501.6499938964844,498.489990234375,498.8399963378906,63979400
2024-02-12 00:00:00+00:00,496.2999572753906,500.9800109863281,503.5,500.239990234375,501.1700134277344,56502300
2024-02-13 00:00:00+00:00,489.4643859863281,494.0799865722656,497.0899963378906,490.7200012207031,494.5299987792969,113099200
2024-02-14 00:00:00+00:00,493.9124450683594,498.57000732421875,499.07000732421875,494.3999938964844,496.7900085449219,68387800
2024-02-15 00:00:00+00:00,497.3203430175781,502.010009765625,502.20001220703125,498.79998779296875,499.2900085449219,61683000
2024-02-16 00:00:00+00:00,494.8436584472656,499.510009765625,502.8699951171875,498.75,501.70001220703125,75461200
2024-02-20 00:00:00+00:00,492.119384765625,496.760009765625,498.4100036621094,494.45001220703125,497.7200012207031,71736700
2024-02-21 00:00:00+00:00,492.56512451171875,497.2099914550781,497.3699951171875,493.55999755859375,495.4200134277344,59603800
2024-02-22 00:00:00+00:00,502.7590026855469,507.5,508.489990234375,503.0199890136719,504.010009765625,76402500
2024-02-23 00:00:00+00:00,503.1057434082031,507.8500061035156,510.1300048828125,507.1000061035156,509.2699890136719,61321800
2024-02-26 00:00:00+00:00,501.26312255859375,505.989990234375,508.75,505.8599853515625,508.29998779296875,50386700
2024-02-27 00:00:00+00:00,502.1943359375,506.92999267578125,507.1600036621094,504.75,506.70001220703125,48854500
2024-02-28 00:00:00+00:00,501.5306091308594,506.260009765625,506.8599853515625,504.9599914550781,505.3299865722656,56506600
2024-02-29 00:00:00+00:00,503.3336181640625,508.0799865722656,509.739990234375,505.3500061035156,508.07000732421875,83924800
2024-03-01 00:00:00+00:00,508.05902099609375,512.8499755859375,513.2899780273438,508.55999755859375,508.9800109863281,76805900
2024-03-04 00:00:00+00:00,507.51416015625,512.2999877929688,514.2000122070312,512.0,512.030029296875,49799300
2024-03-05 00:00:00+00:00,502.4420166015625,507.17999267578125,510.70001220703125,504.9100036621094,510.239990234375,72855600
2024-03-06 00:00:00+00:00,504.9880065917969,509.75,512.0700073242188,508.4200134277344,510.54998779296875,68382400
2024-03-07 00:00:00+00:00,510.0007019042969,514.8099975585938,515.8900146484375,509.80999755859375,513.1400146484375,58652100
2024-03-08 00:00:00+00:00,506.93963623046875,511.7200012207031,518.219970703125,511.1300048828125,515.4600219726562,86425500
2024-03-11 00:00:00+00:00,506.50372314453125,511.2799987792969,511.8800048828125,508.5,510.4800109863281,62557200
2024-03-12 00:00:00+00:00,511.9523620605469,516.780029296875,517.3800048828125,510.8599853515625,513.4500122070312,73114400
2024-03-13 00:00:00+00:00,511.1498718261719,515.969970703125,517.2899780273438,514.489990234375,517.1099853515625,55104100
2024-03-14 00:00:00+00:00,510.1394348144531,514.9500122070312,517.1300048828125,511.82000732421875,516.969970703125,110171800
2024-03-15 00:00:00+00:00,506.63653564453125,509.8299865722656,511.70001220703125,508.1199951171875,510.2099914550781,107585800
2024-03-18 00:00:00+00:00,509.64752197265625,512.8599853515625,515.47998046875,512.4400024414062,514.0,88893300
2024-03-19 00:00:00+00:00,512.479736328125,515.7100219726562,516.0,511.1199951171875,512.1500244140625,60755300
2024-03-20 00:00:00+00:00,517.2198486328125,520.47998046875,520.6199951171875,515.0800170898438,515.77001953125,69594600
2024-03-21 00:00:00+00:00,518.9290771484375,522.2000122070312,524.1099853515625,521.9099731445312,523.3900146484375,60256100
2024-03-22 00:00:00+00:00,517.9452514648438,521.2100219726562,522.6099853515625,520.969970703125,522.1099853515625,79023000
2024-03-25 00:00:00+00:00,516.5142822265625,519.77001953125,520.9500122070312,519.6099853515625,519.7999877929688,48512100
2024-03-26 00:00:00+00:00,515.560302734375,518.8099975585938,521.5800170898438,518.4000244140625,521.22998046875,65463700
2024-03-27 00:00:00+00:00,519.8929443359375,523.1699829101562,523.2100219726562,519.489990234375,521.7100219726562,82999800
2024-03-28 00:00:00+00:00,519.7935791015625,523.0700073242188,524.6099853515625,522.780029296875,523.2100219726562,96294900
2024-04-01 00:00:00+00:00,518.8892822265625,522.1599731445312,524.3800048828125,520.969970703125,523.8300170898438,62477500
2024-04-02 00:00:00+00:00,515.590087890625,518.8400268554688,518.97998046875,516.47998046875,518.239990234375,74230300
2024-04-03 00:00:00+00:00,516.156494140625,519.4099731445312,520.9500122070312,517.6699829101562,517.719970703125,59155800
2024-04-04 00:00:00+00:00,509.8562316894531,513.0700073242188,523.8699951171875,512.760009765625,523.52001953125,96858100
2024-04-05 00:00:00+00:00,515.1826782226562,518.4299926757812,520.4400024414062,514.010009765625,514.4600219726562,74482100
2024-04-08 00:00:00+00:00,515.4707641601562,518.719970703125,520.1799926757812,517.8900146484375,519.1500244140625,48401800
2024-04-09 00:00:00+00:00,516.0670776367188,519.3200073242188,520.75,514.3499755859375,520.5,68124400
2024-04-10 00:00:00+00:00,510.899658203125,514.1199951171875,516.1599731445312,512.0900268554688,513.47998046875,82652800
2024-04-11 00:00:00+00:00,514.7553100585938,518.0,519.47998046875,512.0800170898438,515.6799926757812,70099000
2024-04-12 00:00:00+00:00,507.650146484375,510.8500061035156,515.8200073242188,509.0799865722656,514.3699951171875,92469100
2024-04-15 00:00:00+00:00,501.2902526855469,504.45001220703125,515.2999877929688,503.5799865722656,515.1300048828125,92101400
2024-04-16 00:00:00+00:00,500.3760070800781,503.5299987792969,506.5,502.2099914550781,504.94000244140625,73484000
2024-04-17 00:00:00+00:00,497.4146728515625,500.54998779296875,506.2200012207031,499.1199951171875,506.04998779296875,75910300
2024-04-18 00:00:00+00:00,496.3910827636719,499.5199890136719,504.1300048828125,498.55999755859375,501.9800109863281,74548100
2024-04-19 00:00:00+00:00,492.05841064453125,495.1600036621094,500.4599914550781,493.8599853515625,499.44000244140625,102129100
2024-04-22 00:00:00+00:00,496.58984375,499.7200012207031,502.3800048828125,495.42999267578125,497.8299865722656,67961000
2024-04-23 00:00:00+00:00,502.4826965332031,505.6499938964844,506.0899963378906,499.5299987792969,501.7799987792969,64633600
2024-04-24 00:00:00+00:00,502.24420166015625,505.4100036621094,507.3699951171875,503.1300048828125,506.55999755859375,55928100
2024-04-25 00:00:00+00:00,500.33624267578125,503.489990234375,504.2699890136719,497.489990234375,499.17999267578125,69122400
2024-04-26 00:00:00+00:00,505.0763854980469,508.260009765625,509.8800048828125,505.70001220703125,506.3500061035156,64306100
2024-04-29 00:00:00+00:00,506.8650817871094,510.05999755859375,510.75,507.25,510.0899963378906,46415400
2024-04-30 00:00:00+00:00,498.8357238769531,501.9800109863281,509.55999755859375,501.9800109863281,508.55999755859375,77483600
2024-05-01 00:00:00+00:00,497.2159423828125,500.3500061035156,508.19000244140625,499.8699951171875,501.3800048828125,80242800
2024-05-02 00:00:00+00:00,501.8665771484375,505.0299987792969,505.8900146484375,499.54998779296875,504.1499938964844,62550200
2024-05-03 00:00:00+00:00,508.08740234375,511.2900085449219,512.5499877929688,508.55999755859375,511.1600036621094,72756700
2024-05-06 00:00:00+00:00,513.3343505859375,516.5700073242188,516.6099853515625,513.2999877929688,513.75,47264700
2024-05-07 00:00:00+00:00,513.9007568359375,517.1400146484375,518.5700073242188,516.4500122070312,517.5599975585938,52561300
2024-05-08 00:00:00+00:00,513.950439453125,517.1900024414062,517.739990234375,515.1400146484375,515.260009765625,42047200
2024-05-09 00:00:00+00:00,516.9117431640625,520.1699829101562,520.2100219726562,516.7100219726562,517.3800048828125,43643700
2024-05-10 00:00:00+00:00,517.57763671875,520.8400268554688,522.6400146484375,519.5900268554688,521.8099975585938,52233200
2024-05-13 00:00:00+00:00,517.6470947265625,520.9099731445312,522.6699829101562,519.739990234375,522.5599975585938,36716400
2024-05-14 00:00:00+00:00,520.0221557617188,523.2999877929688,523.8300170898438,520.5599975585938,521.1099853515625,57535900
2024-05-15 00:00:00+00:00,526.4616088867188,529.780029296875,530.0800170898438,525.1799926757812,525.8300170898438,59504900
2024-05-16 00:00:00+00:00,525.3783569335938,528.6900024414062,531.52001953125,528.5399780273438,529.8800048828125,50244800
2024-05-17 00:00:00+00:00,526.1336669921875,529.4500122070312,529.52001953125,527.3200073242188,528.8099975585938,59187600
2024-05-20 00:00:00+00:00,526.7398071289062,530.0599975585938,531.5599975585938,529.1699829101562,529.5700073242188,37764200
2024-05-21 00:00:00+00:00,528.0316162109375,531.3599853515625,531.52001953125,529.0700073242188,529.280029296875,33437000
2024-05-22 00:00:00+00:00,526.5112915039062,529.8300170898438,531.3800048828125,527.5999755859375,530.6500244140625,48390000
2024-05-23 00:00:00+00:00,522.66552734375,525.9600219726562,533.0700073242188,524.719970703125,532.9600219726562,57211200
2024-05-24 00:00:00+00:00,526.1237182617188,529.4400024414062,530.27001953125,526.8800048828125,527.8499755859375,41258400
2024-05-28 00:00:00+00:00,526.4913940429688,529.8099975585938,530.510009765625,527.1099853515625,530.27001953125,36269600
2024-05-29 00:00:00+00:00,522.8046264648438,526.0999755859375,527.3099975585938,525.3699951171875,525.6799926757812,45190300
2024-05-30 00:00:00+00:00,519.33642578125,522.6099853515625,525.2000122070312,521.3300170898438,524.52001953125,46468500
2024-05-31 00:00:00+00:00,524.066650390625,527.3699951171875,527.5,518.3599853515625,523.5900268554688,90785800
2024-06-03 00:00:00+00:00,524.4939575195312,527.7999877929688,529.3099975585938,522.5999755859375,529.02001953125,46835700
2024-06-04 00:00:00+00:00,525.0802612304688,528.3900146484375,529.1500244140625,524.9600219726562,526.4600219726562,34632700
2024-06-05 00:00:00+00:00,531.3209228515625,534.6699829101562,534.6900024414062,528.72998046875,530.77001953125,47610400
2024-06-06 00:00:00+00:00,531.3109741210938,534.6599731445312,535.4199829101562,532.6799926757812,534.97998046875,30808500
2024-06-07 00:00:00+00:00,530.6651000976562,534.010009765625,536.8900146484375,532.5399780273438,533.6599731445312,43224500
2024-06-10 00:00:00+00:00,532.3046875,535.6599731445312,535.989990234375,532.5700073242188,533.1799926757812,35729300
2024-06-11 00:00:00+00:00,533.586669921875,536.9500122070312,537.010009765625,532.0499877929688,534.0700073242188,36383400
2024-06-12 00:00:00+00:00,537.9690551757812,541.3599853515625,544.1199951171875,540.2999877929688,541.6300048828125,63251300
2024-06-13 00:00:00+00:00,539.0521850585938,542.4500122070312,543.3300170898438,539.5900268554688,543.1500244140625,44760900
2024-06-14 00:00:00+00:00,539.3801879882812,542.780029296875,542.8099975585938,539.8499755859375,540.8800048828125,40089900
2024-06-17 00:00:00+00:00,543.6730346679688,547.0999755859375,548.530029296875,541.6099853515625,542.0800170898438,55839500
2024-06-18 00:00:00+00:00,545.0543823242188,548.489990234375,548.6199951171875,546.72998046875,547.1599731445312,41376400
2024-06-20 00:00:00+00:00,543.5736694335938,547.0,550.1199951171875,545.1799926757812,549.4400024414062,70328200
2024-06-21 00:00:00+00:00,542.844970703125,544.510009765625,545.6500244140625,543.02001953125,544.4000244140625,64513900
2024-06-24 00:00:00+00:00,541.080322265625,542.739990234375,546.9500122070312,542.6199951171875,544.3300170898438,45528700
2024-06-25 00:00:00+00:00,543.1640014648438,544.8300170898438,545.2000122070312,542.4400024414062,543.989990234375,38273300
2024-06-26 00:00:00+00:00,543.8419189453125,545.510009765625,546.239990234375,543.030029296875,543.6900024414062,38550600
2024-06-27 00:00:00+00:00,544.6992797851562,546.3699951171875,546.9600219726562,544.6099853515625,545.3699951171875,35041500
2024-06-28 00:00:00+00:00,542.5557861328125,544.219970703125,550.280029296875,542.9500122070312,547.1599731445312,76144500
2024-07-01 00:00:00+00:00,543.6724243164062,545.3400268554688,545.8800048828125,542.52001953125,545.6300048828125,40297800
2024-07-02 00:00:00+00:00,547.3311767578125,549.010009765625,549.010009765625,543.6500244140625,543.7000122070312,40434800
2024-07-03 00:00:00+00:00,549.7737426757812,551.4600219726562,551.8300170898438,548.6500244140625,548.6900024414062,32789900
2024-07-05 00:00:00+00:00,552.9439697265625,554.6400146484375,555.0499877929688,551.1199951171875,551.77001953125,41488400
2024-07-08 00:00:00+00:00,553.58203125,555.280029296875,556.25,554.1900024414062,555.4400024414062,36110500
2024-07-09 00:00:00+00:00,554.120361328125,555.8200073242188,557.1799926757812,555.52001953125,556.260009765625,27289700
2024-07-10 00:00:00+00:00,559.6035766601562,561.3200073242188,561.6699829101562,556.77001953125,557.0700073242188,38701200
2024-07-11 00:00:00+00:00,554.7783203125,556.47998046875,562.3300170898438,555.8300170898438,561.4400024414062,53054200
2024-07-12 00:00:00+00:00,558.277587890625,559.989990234375,563.6699829101562,557.1500244140625,557.6300048828125,53084400
2024-07-15 00:00:00+00:00,559.8129272460938,561.530029296875,564.8400268554688,559.6300048828125,562.030029296875,40584300
2024-07-16 00:00:00+00:00,563.1326904296875,564.8599853515625,565.1599731445312,562.0999755859375,562.8699951171875,36475300
2024-07-17 00:00:00+00:00,555.2369384765625,556.9400024414062,560.510009765625,556.6099853515625,558.7999877929688,57119000
2024-07-18 00:00:00+00:00,550.969970703125,552.6599731445312,559.52001953125,550.4299926757812,558.510009765625,56270400
2024-07-19 00:00:00+00:00,547.3112182617188,548.989990234375,554.0800170898438,547.9099731445312,552.4199829101562,65509100
2024-07-22 00:00:00+00:00,552.9539794921875,554.6500244140625,555.27001953125,551.02001953125,553.0,43346700
2024-07-23 00:00:00+00:00,552.0866088867188,553.780029296875,556.739990234375,553.280029296875,554.5399780273438,34439600
2024-07-24 00:00:00+00:00,539.574951171875,541.22998046875,549.1699829101562,540.2899780273438,548.8599853515625,74515300
2024-07-25 00:00:00+00:00,536.7635498046875,538.4099731445312,547.4600219726562,537.4500122070312,541.3499755859375,61158300
2024-07-26 00:00:00+00:00,542.775146484375,544.4400024414062,547.1900024414062,541.489990234375,542.280029296875,53763800
2024-07-29 00:00:00+00:00,543.0941772460938,544.760009765625,547.0499877929688,542.719970703125,546.02001953125,39515800
2024-07-30 00:00:00+00:00,540.3425903320312,542.0,547.3400268554688,538.52001953125,546.260009765625,46853600
2024-07-31 00:00:00+00:00,549.1256713867188,550.8099975585938,553.5,547.5800170898438,548.97998046875,65663400
2024-08-01 00:00:00+00:00,541.3495483398438,543.010009765625,554.8699951171875,539.4299926757812,552.5700073242188,76428700
2024-08-02 00:00:00+00:00,531.2704467773438,532.9000244140625,536.989990234375,528.5999755859375,535.75,82789100
2024-08-05 00:00:00+00:00,515.7979125976562,517.3800048828125,523.5800170898438,510.2699890136719,511.6400146484375,146267400
2024-08-06 00:00:00+00:00,520.5533447265625,522.1500244140625,529.75,517.8699951171875,519.219970703125,84826300
2024-08-07 00:00:00+00:00,517.073974609375,518.6599731445312,531.5900268554688,518.0499877929688,528.469970703125,70698300
2024-08-08 00:00:00+00:00,529.02734375,530.6500244140625,531.2899780273438,521.8400268554688,523.9099731445312,63276600
2024-08-09 00:00:00+00:00,531.3601684570312,532.989990234375,534.510009765625,528.5599975585938,529.8099975585938,45619600
2024-08-12 00:00:00+00:00,531.6393432617188,533.27001953125,535.72998046875,530.9500122070312,534.2100219726562,42542100
2024-08-13 00:00:00+00:00,540.3824462890625,542.0399780273438,542.280029296875,536.280029296875,536.530029296875,52333100
2024-08-14 00:00:00+00:00,542.0872802734375,543.75,544.9600219726562,540.1199951171875,542.8499755859375,42446900
2024-08-15 00:00:00+00:00,551.3787841796875,553.0700073242188,553.3599853515625,548.8800048828125,549.5,60846800
2024-08-16 00:00:00+00:00,552.614990234375,554.3099975585938,555.02001953125,551.260009765625,551.4199829101562,44430700
2024-08-19 00:00:00+00:00,557.8987426757812,559.6099853515625,559.6099853515625,553.8599853515625,554.72998046875,39121800
2024-08-20 00:00:00+00:00,556.9915771484375,558.7000122070312,560.8400268554688,557.3300170898438,559.1500244140625,33732300
2024-08-21 00:00:00+00:00,558.9057006835938,560.6199951171875,562.1099853515625,554.72998046875,559.77001953125,41514600
2024-08-22 00:00:00+00:00,554.5191040039062,556.219970703125,563.1799926757812,554.97998046875,562.5599975585938,56121500
2024-08-23 00:00:00+00:00,560.4110717773438,562.1300048828125,563.0900268554688,557.2899780273438,559.530029296875,50639400
2024-08-26 00:00:00+00:00,559.0751342773438,560.7899780273438,563.9099731445312,559.0499877929688,563.1799926757812,35788600
2024-08-27 00:00:00+00:00,559.8428344726562,561.5599975585938,562.0599975585938,558.3200073242188,559.489990234375,32693900
2024-08-28 00:00:00+00:00,556.5927734375,558.2999877929688,561.6500244140625,555.0399780273438,561.2100219726562,41066000
2024-08-29 00:00:00+00:00,556.642578125,558.3499755859375,563.6799926757812,557.1799926757812,560.3099975585938,38715200
2024-08-30 00:00:00+00:00,561.956298828125,563.6799926757812,564.2000122070312,557.1400146484375,560.77001953125,62700100
2024-09-03 00:00:00+00:00,550.3917846679688,552.0800170898438,560.8099975585938,549.510009765625,560.469970703125,60600100
2024-09-04 00:00:00+00:00,549.2652587890625,550.9500122070312,554.4299926757812,549.4600219726562,550.2000122070312,47224900
2024-09-05 00:00:00+00:00,547.9293212890625,549.6099853515625,553.7999877929688,547.0999755859375,550.8900146484375,44264300
2024-09-06 00:00:00+00:00,538.7076416015625,540.3599853515625,551.5999755859375,539.4400024414062,549.9400024414062,68493800
2024-09-09 00:00:00+00:00,544.7391357421875,546.4099731445312,547.7100219726562,542.6799926757812,544.6500244140625,40445800
2024-09-10 00:00:00+00:00,547.11181640625,548.7899780273438,549.1500244140625,543.3800048828125,548.3599853515625,36394600
2024-09-11 00:00:00+00:00,552.724609375,554.4199829101562,555.3599853515625,539.9600219726562,548.7000122070312,75248600
2024-09-12 00:00:00+00:00,557.38037109375,559.0900268554688,559.4000244140625,552.739990234375,555.010009765625,51892700
2024-09-13 00:00:00+00:00,560.2914428710938,562.010009765625,563.030029296875,559.4500122070312,559.7100219726562,39310500
2024-09-16 00:00:00+00:00,561.118896484375,562.8400268554688,563.1099853515625,559.9000244140625,561.739990234375,36656100
2024-09-17 00:00:00+00:00,561.3482055664062,563.0700073242188,566.5800170898438,560.7899780273438,565.0999755859375,49321000
2024-09-18 00:00:00+00:00,559.683349609375,561.4000244140625,568.6900024414062,560.8300170898438,563.739990234375,59044900
2024-09-19 00:00:00+00:00,569.2340087890625,570.97998046875,572.8800048828125,568.0800170898438,571.010009765625,75315500
2024-09-20 00:00:00+00:00,568.25,568.25,569.3099975585938,565.1699829101562,567.8400268554688,77503100
2024-09-23 00:00:00+00:00,569.6699829101562,569.6699829101562,570.3300170898438,568.0999755859375,569.3400268554688,44116900
2024-09-24 00:00:00+00:00,571.2999877929688,571.2999877929688,571.3599853515625,567.5999755859375,570.47998046875,46805700
2024-09-25 00:00:00+00:00,570.0399780273438,570.0399780273438,571.8900146484375,568.9099731445312,571.1400146484375,38428600
2024-09-26 00:00:00+00:00,572.2999877929688,572.2999877929688,574.7100219726562,569.9000244140625,574.3800048828125,48336000
2024-09-27 00:00:00+00:00,571.469970703125,571.469970703125,574.219970703125,570.4199829101562,573.3900146484375,42100900
2024-09-30 00:00:00+00:00,573.760009765625,573.760009765625,574.3800048828125,568.0800170898438,570.4199829101562,63557400
2024-10-01 00:00:00+00:00,568.6199951171875,568.6199951171875,574.0599975585938,566.0,573.4000244140625,72668800
2024-10-02 00:00:00+00:00,568.8599853515625,568.8599853515625,569.9000244140625,565.27001953125,567.7100219726562,38097800
2024-10-03 00:00:00+00:00,567.8200073242188,567.8200073242188,569.7999877929688,565.489990234375,567.3599853515625,40846500
2024-10-04 00:00:00+00:00,572.97998046875,572.97998046875,573.3599853515625,568.0999755859375,572.3499755859375,42939100
2024-10-07 00:00:00+00:00,567.7999877929688,567.7999877929688,571.9600219726562,566.6300048828125,571.2999877929688,49964700
2024-10-08 00:00:00+00:00,573.1699829101562,573.1699829101562,573.780029296875,569.530029296875,570.4199829101562,37398700
2024-10-09 00:00:00+00:00,577.1400146484375,577.1400146484375,577.7100219726562,572.5499877929688,573.1599731445312,37912200
2024-10-10 00:00:00+00:00,576.1300048828125,576.1300048828125,577.5800170898438,574.489990234375,575.77001953125,44138100
2024-10-11 00:00:00+00:00,579.5800170898438,579.5800170898438,580.3300170898438,575.9099731445312,576.0499877929688,42268000
2024-10-14 00:00:00+00:00,584.3200073242188,584.3200073242188,585.27001953125,580.72998046875,581.219970703125,36217200
2024-10-15 00:00:00+00:00,579.780029296875,579.780029296875,584.9000244140625,578.5399780273438,584.5900268554688,54203600
2024-10-16 00:00:00+00:00,582.2999877929688,582.2999877929688,582.8300170898438,578.9600219726562,579.780029296875,30725400
2024-10-17 00:00:00+00:00,582.3499755859375,582.3499755859375,586.1199951171875,582.1599731445312,585.9099731445312,34393700
2024-10-18 00:00:00+00:00,584.5900268554688,584.5900268554688,585.3900146484375,582.5800170898438,584.0700073242188,37416800
2024-10-21 00:00:00+00:00,583.6300048828125,583.6300048828125,584.8499755859375,580.5999755859375,583.8499755859375,36439000
2024-10-22 00:00:00+00:00,583.3200073242188,583.3200073242188,584.5,580.3800048828125,581.0499877929688,34183800
2024-10-23 00:00:00+00:00,577.989990234375,577.989990234375,581.7100219726562,574.4199829101562,581.260009765625,49314600
2024-10-24 00:00:00+00:00,579.239990234375,579.239990234375,580.0599975585938,576.5700073242188,579.97998046875,34979900
2024-10-25 00:00:00+00:00,579.0399780273438,579.0399780273438,584.4600219726562,578.0800170898438,581.510009765625,47268200
2024-10-28 00:00:00+00:00,580.8300170898438,580.8300170898438,582.7100219726562,580.52001953125,582.5800170898438,30174700
2024-10-29 00:00:00+00:00,581.77001953125,581.77001953125,582.9099731445312,578.4299926757812,579.8499755859375,42899700
2024-10-30 00:00:00+00:00,580.010009765625,580.010009765625,583.3200073242188,579.2899780273438,581.2899780273438,41435800
2024-10-31 00:00:00+00:00,568.6400146484375,568.6400146484375,575.6300048828125,568.4400024414062,575.5599975585938,60182500
2024-11-01 00:00:00+00:00,571.0399780273438,571.0399780273438,575.5499877929688,570.6199951171875,571.3200073242188,45667500
2024-11-04 00:00:00+00:00,569.8099975585938,569.8099975585938,572.5,567.8900146484375,571.1799926757812,38217000
2024-11-05 00:00:00+00:00,576.7000122070312,576.7000122070312,576.739990234375,570.52001953125,570.739990234375,39478300
2024-11-06 00:00:00+00:00,591.0399780273438,591.0399780273438,591.9299926757812,585.3900146484375,589.2000122070312,68182000
2024-11-07 00:00:00+00:00,595.6099853515625,595.6099853515625,596.6500244140625,593.0,593.0800170898438,47233200
2024-11-08 00:00:00+00:00,598.1900024414062,598.1900024414062,599.6400146484375,596.1699829101562,596.1699829101562,46444900
2024-11-11 00:00:00+00:00,598.760009765625,598.760009765625,600.1699829101562,597.0,599.8099975585938,37586800
